Sr.No.,pH,EC,OC,N,P,K,S,Zn,Fe,Cu,Mn,B,yield1,oc,urea,al2so43,dap,ssp,potash,zinc,boron,zyme,price_profit
1,7.16,0.46,0.78,229.9,8,365,16,0.42,0.88,1.92,9.55,0.9,14.3,180,84,38,62,13,34,5,4,4,12.26
2,7.15,0.32,0.73,223.5,6,310,6,0.27,0.58,2.44,10.05,0.9,13.6,187,84,40,62,13,35.5,5,4,4.05,9.89
3,7.1,0.44,0.82,236.2,8,260,8,0.45,0.42,2.7,6.28,1.08,14.3,180.5,84,39,62,13,36,4.5,3.8,4.1,11.79
4,7.08,0.64,0.73,223.5,6,365,14,0.42,0.6,2.65,9.99,0.72,11.3,190,84,38,62,13,24.5,4.8,4.1,4,11.88
5,7.12,0.51,0.85,293.4,4,345,12,0.5,0.57,3.35,8.42,0.72,11.5,180,77.7,38.8,59.8,13.5,34.5,4.5,4,4.05,14.24
6,7.03,0.4,0.78,229.9,4,260,14,0.5,1.11,3.81,10.46,0.9,11.7,184,84,38,64,13.5,36,4.5,4,4.2,10.06
7,7.07,0.45,0.98,258.5,10,250,12,0.57,0.98,3.19,10.74,0.9,8.5,166,77.7,38.85,55.65,11.96,36.12,4.5,4,3.95,20.25
8,7.08,0.49,0.94,252.2,8,305,16,0.4,0.25,3.48,9.49,0.9,10.6,172,77.7,38.3,58,12,35.3,4.8,3.9,4,17.4
9,7.03,0.53,0.78,229.9,16,265,8,0.88,0.6,0.38,11.71,0.72,15.2,167,84,38.8,58.5,11.3,36,4.1,4.1,3.96,17.7
10,7.01,0.4,0.89,245.8,8,360,11,0.32,0.43,0.82,9.32,0.18,15,173,77,38.8,58.1,13,34,4.9,4.8,3.95,16.83
11,7.1,0.35,0.78,229.9,10,270,6,0.45,0.43,2.23,9.59,0.36,14.8,172,84,40.3,59.8,12,35.2,4.5,4.7,3.95,14.82
13,7.07,0.31,0.78,229.9,10,310,12,0.46,0.46,4.18,7.96,0.36,12.7,172,84,38.8,59,12,35.2,4.5,4.7,3.95,15.84
14,7.05,0.7,0.78,229.9,16,265,10,1.03,0.37,3.84,12.15,0.18,12.8,169,84,38.8,58.5,11.34,36.1,4,4.8,3.96,17.16
15,7.16,0.35,0.82,236.2,6,255,12,0.47,1.19,3.49,9.04,0.54,13.4,180.5,84,38.8,62,13,36,4,4.4,4.1,12.09
16,7.33,0.53,1,261.6,18,395,20,0.96,1.54,3.46,9.72,0.36,15.7,160,77.7,37.38,54,11.34,33.8,4,4.7,3.76,24.49
17,7.05,0.71,1,261.6,22,390,7,0.26,0.3,2.34,7.14,0.9,18.5,161,77.7,40.3,52,10.7,33.8,4.9,4,3.73,24.1
18,7.01,0.86,0.8,233.1,14,270,16,0.46,0.07,2.46,9,1.08,15.9,172,84,38,60,12,35,4.5,3.7,3.95,15.68
19,7.02,0.3,0.96,255.3,16,250,7,1.88,0.43,2.88,9.41,0.36,15.05,165,77.7,40.3,54.3,11.3,36,3.8,4.7,3.91,21.48
20,7.07,0.32,0.96,255.3,18,410,10,0.35,0.12,3.23,8.52,0.18,15.2,165,77.7,40,54,11.3,33.8,4.8,4.8,3.76,21.55
21,7.23,0.75,0.8,233.1,16,260,11,0.25,0.89,2.32,9.9,0.9,14,170,84,39,52,11.3,36,4.9,4,3.96,20.67
22,7.22,0.39,0.94,252.2,26,350,8,0.81,1.6,4.52,10.78,0.36,15.5,163,77.7,38.8,52,10.7,34.5,4,4.7,3.78,24.6
23,7.18,0.5,0.98,258.5,12,375,6,0.85,1.75,4.56,11.05,0.18,17.8,164.5,77.7,40.3,55.5,12,33.8,4.1,4.8,3.8,20.85
24,7.29,0.39,1,261.6,20,435,6,0.89,1.98,4.25,11.54,0.72,17.1,161,77.7,40.3,54.3,11.3,33.8,4.1,4.1,3.76,22.88
25,7.25,0.28,1,261.6,18,335,8,0.88,1.71,3.59,11.15,0.36,14.2,161,77.7,38.8,54,11.3,34.5,4.1,4.7,3.81,23.42
26,7.41,0.48,0.85,239.4,10,320,22,3.99,0.84,2.51,9.14,1.44,16.9,168,84,37.4,60,12,35.3,3.7,3.5,3.95,17.34
27,7.97,0.42,1.18,287.1,4,455,10,0.28,0.58,1.38,6.86,1.44,20,173,77.7,38.85,60,13.5,33.8,5,3.5,4,15.54
28,7.81,0.58,0.62,207.6,4,455,22,0.66,0.8,2.52,17.1,1.44,16.1,200,84,37,64,13.5,33.8,4.4,3.5,4.05,7.71
29,7.9,0.44,1.32,306.1,4,415,5,0.57,0.75,1.07,12.96,1.26,16.8,169,71,40,57,13.5,33.8,4.5,3.5,3.95,19.3
30,7.37,0.96,0.85,239.4,6,425,18,4.32,0.72,2.59,12.58,1.62,17.5,175,84,38,62.3,13,33.8,3.7,3.5,3.95,14.14
31,7.67,0.98,1.16,283.9,10,250,20,0.91,0.67,3.14,7.63,0.9,15.2,162,77.7,37.8,55.6,12,36.2,4,4,3.95,22.03
32,7.47,0.58,0.85,239.4,4,415,12,4.1,0.95,3.03,13.37,1.62,13.5,180,84,38.8,64,13.5,33.8,3.7,3.5,4.05,11.62
33,7.41,0.68,0.91,248.9,4,400,18,6.68,0.5,2.93,13.19,1.62,16.1,180,77.7,38.2,60,13.5,33.8,3.7,3.5,4,15.07
34,7.49,0.75,0.82,236.2,6,305,23,4.13,0.57,3.48,11.92,1.08,14.7,181,84,37,62.3,13,35.3,3.7,3.8,4.05,12.82
35,7.64,0.55,0.89,245.8,6,260,23,3,0.5,3.11,9.64,1.44,15.5,173,77.7,37.3,58.2,13,36.2,3.7,3.5,4.05,17.8
36,7.57,0.3,1,261.6,6,420,17,2.02,0.53,3.11,9.99,1.26,13.9,168,71.4,38,58,13,39,3.7,3.5,3.9,19.28
37,7.51,0.66,1.38,315.7,4,380,22,2.11,0.48,2.39,11.04,1.62,19.9,168,71.4,37.4,57.8,13.5,33.8,3.7,3.5,3.95,20.5
38,7.58,0.34,0.89,245.8,6,385,23,0.73,0.45,2.43,8.54,0.9,15.6,176,77.7,37.3,58,13,33.8,4.1,4,3.9,17.38
39,7.57,0.63,0.89,245.8,6,465,18,2.26,0.49,2.13,10.49,1.26,16.6,176,77.7,38.3,58.2,13,33.8,3.7,3.5,3.9,17.25
40,7.84,0.41,0.87,242.6,10,485,12,0.92,0.48,3.14,11.4,1.44,11.4,167,77.7,38.8,55.6,12,33.8,4,3.5,3.8,21.03
41,7.87,0.3,1.09,274.4,4,435,11,0.34,0.38,2.87,7.44,0.72,13.8,172,77.7,38.8,59.8,13.5,33.8,4.9,4.1,4,15.8
42,7.47,1.09,0.96,255.3,2,365,20,2.28,0.47,2.64,9.88,1.08,16.8,180,77.7,37.4,59.8,13.5,34.5,3.7,3.5,4.05,15.33
43,7.79,0.49,0.91,248.9,2,270,22,2.06,0.64,1.51,9.66,1.44,18.1,178,77.7,37.4,59.8,13.5,35.3,3.7,3.5,4.1,15.6
44,7.81,0.68,1.2,290.2,8,370,18,1.01,0.59,2.26,10.96,1.62,18,166,77.7,38,58,13,34.4,4,3.5,3.95,19.5
45,7.65,0.95,1.07,271.2,2,215,24,1.31,0.51,3.09,5.25,1.62,18.9,168,77.7,37.4,64,13.5,37.2,4,3.5,4.2,14.65
46,7.59,0.79,0.85,239.2,4,320,23,1.43,0.64,2.11,7.66,1.62,18.1,177,84,37.4,64,13.5,35.3,4,3.5,4.15,12.23
47,7.21,1,0.82,236.2,4,365,20,2.76,0.49,2.1,7.37,1.44,18.8,186,84,37.4,64,13.5,34,3.7,3.5,4.1,10.77
48,7.7,0.31,0.87,242.6,6,390,17,0.45,0.49,1.94,5.76,1.26,15.2,176,77.7,38,58,13,39,4.5,3.5,3.9,15.97
49,7.29,0.75,0.73,223.5,4,380,10,7.04,0.49,2.58,6.59,1.08,14.8,200,84,38.85,64,13.5,33.8,3.7,3.8,4.05,7.5
50,7.7,0.47,0.8,233.1,4,355,11,0.75,0.8,2.4,15.63,1.26,11,187,84,39,64,13.5,34.5,4.1,3.5,4.1,9.73
51,7.61,0.78,1.05,268,2,390,2,0.62,0.56,2.11,8.95,1.44,16.8,173,77.7,41.4,60,13.5,33.8,4.4,3.5,4,15
52,7.21,0.69,0.8,233.1,2,330,18,1.82,0.7,2.81,8.9,1.26,12.5,187,84,38.8,64,13.5,34.4,3.8,3.5,4.1,9.99
53,7.61,0.39,0.89,245.8,6,430,25,0.96,0.5,2.08,14.56,0.9,15.4,176,77.7,37.8,58,13,33.8,4,3.9,3.9,17.2
54,7.56,0.53,1.43,357,10,355,23,7.07,0.89,2.14,14.79,0.36,18.1,159,65,37,51.5,12,34.4,3.7,4.7,3.75,28.79
55,7.81,0.54,1.34,357,4,240,22,3.51,0.48,2.85,13.36,0.54,15.9,165,65,37,55.5,13.5,36,3.7,4.7,4.05,23.28
56,7.5,0.75,1.2,290.2,10,240,17,3.31,0.52,3.07,12.07,0.54,12.4,162.5,77.7,38.2,55.5,12,36,3.7,4.4,3.95,22.02
57,7.69,0.6,1.27,299.8,14,370,18,3.02,0.62,3.36,11.35,0.9,12.5,163,77.7,38.3,55.6,12,34.4,3.7,3.9,3.85,22.24
58,7.48,0.48,1.2,290.2,16,370,11,5.45,0.6,1.78,12.7,1.08,16.4,163,77.7,38.8,54.3,11.4,34.5,3.7,3.8,3.81,23.13
59,7.85,0.35,1.2,290.2,10,390,10,0.63,0.42,2.16,7.52,0.54,13.3,164,77.7,38.2,55.6,12,34.4,3.7,4,3.8,22.03
60,7.56,0.76,1.05,268,8,305,25,1.54,0.57,2.48,6,0.72,17.91,168,77.7,37.3,52.3,10.7,36.12,3.8,4.7,4,23.4
61,7.57,0.73,1.36,270,10,345,19,2.86,0.36,2.43,11.83,0.9,17,165,77.7,37.3,52.3,10.7,36.1,3.8,4.7,3.85,24.25
62,7.11,0.49,0.76,286,51,406,20.9,0.57,4.88,0.33,0.62,0.277,12.4,167,71.4,36.7,48.7,9,33.8,4,4.8,3.65,28.57
63,7.52,0.63,0.9,298,27,266,25,1.63,4.9,0.17,4.5,0.35,16.7,177,84,36.7,55.4,9.45,36.1,4.9,4.8,3.88,17.93
64,7.62,0.49,0.76,342,103,391,33.4,0.77,4.18,0.12,2.49,0.219,12.3,160,71.4,36.7,48.7,9,34.4,4,4.8,3.55,30.47
65,7.62,0.32,0.59,222,63,235,37.5,0.27,3.94,0.1,2.56,0.139,13.18,155,71.4,37.4,48.7,9,34.4,4,4.8,3.85,31.44
66,7.54,0.71,0.98,306,82,185,29.2,0.49,5.3,0.17,2.77,0.219,18.7,179,77.7,37.4,51.6,10,37,4.8,4.8,3.75,20.44
67,7.05,0.79,1.06,350,95,341,25,1.07,6.31,0.35,3.01,0.233,19.6,155,71.4,37.3,48.7,9,34.4,4,4.8,3.6,31.63
68,7.35,0.28,0.55,278,44,180,20.9,0.41,5.3,0.33,4.46,0.27,16.5,179,77.7,37.4,51.6,10,37.1,4.8,4.8,3.88,20.36
69,8.15,0.34,0.61,246,55,251,37.5,0.97,4.17,0.15,3.74,0.423,11.4,179,77.7,36.7,51.2,9.5,36.1,4,4.7,3.8,21.88
70,7.81,0.61,0.88,190,27,421,33.4,0.39,6.76,0.11,2.73,0.211,17.9,167,84,36.7,56.5,10.7,33.8,4.8,4.89,3.78,19.82
71,7.42,0.75,1.02,222,68,461,37.5,1.07,5.18,0.11,2.53,0.248,16.5,159,84,36.7,55.5,9.45,33.8,4,4.89,3.7,23.48
72,7.54,0.31,0.58,318,78,321,25,0.89,5.12,0.32,3.25,0.343,14.45,176,71.4,37.4,48.7,9,34.4,4.1,4.7,3.6,25.65
73,7.11,0.55,0.82,278,55,361,37.5,0.33,5.36,0.12,4.28,0.284,16.1,171,77.7,36.75,51.24,9.45,34.4,4.9,4.8,3.7,23.58
74,7.14,0.45,0.72,306,27,271,33.4,0.33,6.86,0.15,5.34,0.423,16.4,177,71.4,37.4,48.7,9,34.4,4.1,4.7,3.78,25.3
75,7.95,0.86,1.13,382,91,185,37.5,0.33,5.96,0.19,4.6,0.219,22.7,169,77.7,36.7,51.3,9.45,34.4,4.9,4.8,3.7,24.07
76,7.43,0.55,0.82,330,59,406,29.2,0.25,5.26,0.19,3.68,0.284,17,177,71.3,36.75,50,10.7,35.4,4.9,4.7,3.6,23.42
77,7.11,0.55,0.82,278,44,441,33.4,1.07,4.9,0.35,2.2,0.445,13.4,150,65,36.75,46.6,9,37.7,4.9,4.8,3.68,34.62
78,7.19,0.45,0.72,226,55,185,25,0.35,5.26,0.33,4.46,0.365,16.3,166,71.4,36.7,49,9.45,33.8,4.9,4.8,3.9,27.61
79,7.95,0.86,1.13,202,82,376,37.5,0.73,3.86,0.14,4.46,0.292,14.2,169,77.7,36.75,51,10,33.8,4,4.7,3.65,24.99
80,7.43,0.55,0.82,262,68,411,37.5,0.77,5.51,0.09,2.16,0.139,16.6,179,84,37.3,55.4,9.45,37,4.8,4.7,3.65,17.26
81,7.73,0.85,1.12,274,103,286,33.4,0.29,5.43,0.33,4.6,0.467,19.3,159,84,36.7,55,9,33.8,4.1,4.8,3.7,23.89
82,7.42,0.85,1.12,366,61,346,25,0.29,4.97,0.21,3.13,0.423,18,169,77.7,36.7,51.2,9.45,33.8,4.1,4.8,3.6,24.95
83,8.06,0.55,0.82,270,59,436,20.9,0.81,5.48,0.13,3.25,0.284,14.2,158,77.7,36.7,50.8,9,35.2,4.9,4.4,3.65,27.43
84,7.58,0.75,1.02,374,91,301,25,0.31,6.62,0.09,2.89,0.35,20.6,154,65,37.3,47,9.45,34.4,4.9,4.7,3.6,33.54
85,8.12,0.27,0.54,286,68,396,37.5,0.85,6.02,0.33,2.9,0.35,16.6,169,77.7,37.3,51.2,9.45,33.8,4.1,4.8,3.65,24.68
86,7.86,0.45,0.72,338,44,346,20.9,0.49,4.97,0.12,3.66,0.372,12.7,152,65,37.3,46.6,9,35.2,4.9,4.7,3.68,34.38
87,7.75,0.37,0.64,258,51,266,29.2,0.89,5.56,0.11,3.78,0.219,15.2,180,77.7,56,10.7,9.4,33.8,4.1,4.7,3.8,47.05
88,7.53,0.85,1.12,206,27,190,16.7,0.33,5.35,0.14,3.14,0.43,17.9,158,84,38.2,56.5,10.7,37,4.9,4.7,3.98,20.69
89,7.41,0.7,0.97,190,42,160,45.9,2.57,4.77,0.12,2.47,0.365,17.8,166,84,36.7,55.8,10,38.6,3.7,4.7,3.68,20.66
90,7.03,0.9,1.17,338,44,381,25,0.85,4.99,0.16,4.48,0.292,17.2,157,71.4,37.4,50,10,33.8,4.1,4.8,3.63,29.7
91,7.73,0.65,0.92,306,99,316,37.5,0.31,4.73,0.12,3.62,0.292,16.3,161,71,36.7,48.7,9,35.2,4.9,4.8,3.65,29.2
92,8.01,0.45,0.72,238,27,266,16.7,0.89,5.93,0.35,3.66,0.445,13.8,180,84,38.2,56.5,10.7,36.1,4.1,4.7,3.93,16.24
93,7.81,0.45,0.72,190,61,200,33.4,0.93,5.51,0.11,3.68,0.27,16.7,177,84,36.75,55.5,9.45,37.1,4,4.8,3.9,18.28
94,7.12,0.85,1.12,338,95,225,37.5,0.55,5.12,0.11,2.9,0.211,19,153,65,37.3,47,9.45,34.4,4,4.7,3.75,34.57
95,7.55,0.9,1.17,366,51,361,20.9,0.95,4.28,0.19,3.27,0.357,14.7,165,77.7,36.75,51,9,34.4,4.5,4.7,3.6,25.83
96,7.74,0.65,0.92,298,91,321,41.7,0.51,4.78,0.23,2.69,0.365,14.7,161,84,38.2,56.5,10.7,33.8,4.9,4.8,3.65,20.72
97,8.05,0.85,1.12,214,21,416,16.7,0.31,4.14,0.15,3.3,0.204,14.3,179,77.7,37.3,51.2,9.45,34.4,4.8,4.8,3.78,21.4
98,7.33,0.37,0.64,262,68,351,25,0.43,5.46,0.13,3.36,0.284,13.9,155,71.3,38.2,49.1,9.45,35.2,4.8,4.7,3.7,29
99,7.8,0.9,1.17,342,59,296,12.5,0.35,5.31,0.1,3.77,0.43,15.6,164,77.7,36.7,51.2,9.45,37.17,4,4.8,3.7,25.58
100,7.18,0.65,0.92,278,51,180,37.5,1.43,6.01,0.13,2.63,0.284,20.5,168,84,38.2,55,9,34.4,4.1,4.8,3.85,20.83
101,7.81,0.5,0.77,238,118,341,16.7,0.81,4.15,0.13,2.93,0.204,10.9,167,71.3,36.7,48.7,9,33.8,4.8,4.7,3.7,27.92
102,7.21,0.55,0.82,346,78,371,37.5,0.35,4.73,0.14,2.87,0.35,18.4,156,71.3,37.3,49.1,9.45,33.8,4.1,4.8,3.55,30.97
103,7.9,0.75,1.02,306,55,446,37.5,2.19,5.37,0.33,3.5,0.43,29.8,179,84,36.7,55,9,33.8,4,4.8,3.6,19.03
104,7.68,0.35,0.62,190,112,486,33.4,0.93,4.3,0.35,3.81,0.204,12.8,156,71.3,37.4,49.1,9.45,33.8,4.1,4.8,3.65,30.87
105,7.81,0.8,1.07,330,61,431,25,0.73,4.46,0.18,4.6,0.241,15.8,180,84,37.3,55.4,9.45,33.8,4.8,4.7,3.6,17.65
106,7.95,0.35,0.62,218,51,401,25,0.35,5.44,0.11,4.5,0.35,14.7,176,77.7,36.7,50.8,9,37.1,4.1,4.7,3.7,22.82
107,7.54,0.37,0.64,246,91,180,37.5,0.81,5.74,0.31,5.82,0.416,17,154,71.3,37.3,48.7,9,35.28,4.9,4.8,3.8,30.83
108,7.94,0.75,1.02,338,103,316,25,0.25,5.44,0.33,3.58,0.211,20.2,175,71.3,38.2,50,10.7,36,4.5,4.8,3.65,23.5
109,7.58,0.45,0.72,318,27,251,16.7,0.53,5.79,0.21,2.12,0.284,16,175,71.3,38.2,50,10.7,36,4.5,4.8,3.83,23.41
110,8.02,0.55,0.82,290,55,316,41.7,0.41,5.53,0.35,2.93,0.43,17.1,167,77.7,36.7,51.24,9.45,35.28,4.8,4.7,3.75,24.52
111,8.11,0.55,0.82,226,103,336,37.5,0.33,3.9,0.15,3.88,0.284,13.6,167,84,36.7,55,9,34.4,4.5,4.8,3.7,21.43
112,7.73,0.85,1.12,358,74,170,37.5,0.69,5.9,0.11,2.55,0.284,19.3,151,65,36.7,47,9.45,37.7,4.4,4.8,3.75,34.27
113,7.73,0.35,0.62,190,44,336,33.4,0.47,4.89,0.11,3.18,0.19,15.1,180,84,36.7,55.8,10,34.4,4.5,4.8,3.78,17.48
114,8.11,0.65,0.92,346,55,321,45.9,0.49,5.94,0.33,2.96,0.35,16.9,162,71.3,36.7,49.1,9.45,34.4,4.5,4.7,3.65,29
115,7.92,0.36,0.63,306,46,451,37.5,0.25,5.08,0.13,3.91,0.168,14.1,176,71.3,36.7,49.5,10,33.8,4.9,4.8,3.63,24.55
116,7.75,0.9,1.17,246,55,396,16.7,1.01,4.02,0.12,2.82,0.27,13.2,159,77.7,38.3,51.2,9.45,33.8,4,4.8,3.65,27.02
117,7.64,0.75,1.02,362,112,200,37.5,0.73,5.18,0.33,2.51,0.255,18.8,150,65,36.7,46.6,9,37.1,4.1,4.8,3.7,35.52
118,8.03,0.35,0.62,274,46,185,37.5,0.27,5.83,0.15,4.84,0.445,17.6,177,77.7,36.7,51.6,10,37,4.8,4.8,3.88,21.14
119,7.12,0.6,0.87,262,51,451,37.5,0.43,5.21,0.1,4,0.284,14.5,165,77.7,36.7,51.2,9.45,33.8,4.1,4.8,3.65,25.9
120,7.51,0.7,0.97,306,118,346,16.7,0.53,5.78,0.33,3.35,0.43,18.6,161,71.3,38.2,48.7,9,34.4,4.5,4.7,3.6,29.11
121,7.11,0.84,1.11,262,63,416,25,0.81,4.91,0.14,2.14,0.197,16.9,160,77.7,37.3,51.2,9.45,33.8,4.1,4.8,3.65,27.09
122,7.53,0.91,1.18,306,27,296,37.5,0.45,5.06,0.1,3.51,0.284,19,156,71.3,36.7,50,10.7,35.2,4.5,4.8,3.78,29.37
123,7.94,0.55,0.82,218,112,366,37.5,0.97,4.74,0.17,5.8,0.168,16.8,167.5,84,36.7,55,9,34.4,4,4.8,3.7,21.6
124,7.55,0.37,0.64,358,59,346,37.5,0.35,6.68,0.33,4.64,0.211,20.2,174,65,36.7,47,9.45,34.4,4.8,4.8,3.6,28.1
125,8.07,0.65,0.92,246,25,185,33.4,0.89,5.38,0.12,4.44,0.372,18,164,77.7,36.7,52.3,10.7,37,4,4.7,3.93,24.37
126,7.88,0.75,1.02,378,82,251,25,0.37,5.31,0.11,3.89,0.182,20.1,152,65,36.7,46.6,9,36.12,4.8,4.8,3.65,34
127,8.02,0.37,0.64,374,112,331,37.5,0.95,5.93,0.12,3.09,0.19,18.1,173.5,65,36.7,46.6,9,34.4,4,4.8,3.55,29.38
128,7.49,0.85,1.12,286,103,326,25,0.77,5.22,0.29,4.35,0.445,17.5,159,77.7,37.3,50.8,9,34.4,4.1,4.7,3.65,27.68
129,7.11,0.85,1.12,210,63,220,25,0.41,5.13,0.35,4.95,0.299,19.3,157,84,37.4,55.4,9.45,34.4,4.9,4.7,3.9,22.9
130,7.95,0.45,0.72,318,55,361,25,0.31,6.71,0.16,2.5,0.365,16.9,175,71.4,36.7,49.1,9.45,34.4,4.1,4.8,3.65,25.7
131,7.61,0.65,0.92,262,51,441,37.5,0.63,5.83,0.35,3.88,0.445,17.1,158.4,77.7,36.7,51.2,9.45,35.2,4,4.7,3.65,27.57
132,7.72,0.37,0.64,330,61,331,37.5,0.81,5.31,0.14,4.03,0.262,13.8,175,71.3,36.7,49.1,9.45,34.4,4.1,4.8,3.65,25.76
133,7.95,0.75,1.02,278,51,286,33.4,1.29,6.1,0.29,3.4,0.357,19.12,158,77.7,36.7,51.2,9.45,35.2,4,4.7,3.75,27.633
134,8.08,0.65,0.92,270,108,401,16.7,0.43,6.62,0.09,4.55,0.175,17.11,164.5,77.7,38.2,50.8,9,33.8,4.8,4.8,3.6,25.38
135,7.58,0.95,1.22,330,95,381,37.5,0.95,3.84,0.19,2.5,0.372,15.1,156,71.4,36.7,48.7,9,33.8,4,4.7,3.55,31.8
136,7.75,0.65,0.92,226,55,180,37.5,0.63,5.53,0.15,3.64,0.197,18.1,164,84,36.5,55.4,9.45,37,4.4,4.8,3.9,21.32
137,8.09,0.37,0.64,358,55,406,33.4,0.83,4.84,0.17,2.4,0.262,14.3,174,65,36.7,47,9.45,33.8,4.1,4.8,3.55,28.84
138,7.28,0.55,0.82,218,78,371,25,0.33,5.37,0.17,4.14,0.452,15.2,168,84,37.3,55,9,33.8,4.9,4.4,3.65,20.8
139,7.97,0.55,0.82,218,91,291,25,0.73,5.48,0.09,4.03,0.284,14.6,167.5,84,37.3,55,9,35.2,4.1,4.8,3.75,21.19
140,7.01,0.65,0.92,322,95,215,33.4,0.65,4.23,0.35,2.49,0.182,16.5,160,71.3,36.7,48.7,9,37.1,4.4,4.8,3.75,29.42
141,7.15,0.95,1.22,226,68,165,41.7,0.33,4.5,0.11,2.47,0.153,18.9,153,65,36.7,48,10.7,37,4.9,4.7,3.65,32.25
142,8.04,0.85,1.12,366,30,230,33.4,0.27,6.96,0.1,3.16,0.365,20.5,179,84,38.3,55,9,33.8,4,4.7,3.83,18.35
143,7.33,0.37,0.64,202,112,386,16.7,0.93,6.24,0.14,2.57,0.343,14.2,165.5,65,36.7,47.5,10,36,4.1,4.8,3.65,30.14
144,7.32,0.55,0.82,378,42,245,37.5,0.71,5.22,0.33,3.47,0.277,16.2,159,84,36,55,9,34.4,4.9,4.8,3.73,23.4
145,7.21,0.75,1.02,230,103,351,37.5,0.27,3.76,0.16,2.34,0.211,15,168,84,36.7,55.5,9.45,37,4.5,4.8,3.7,20.21
146,8.11,0.55,0.82,218,63,190,33.4,0.45,4.73,0.08,5.24,0.124,16.1,175,71.3,46.7,48.6,9,34.4,4.9,4.7,3.9,21.5
147,7.81,0.37,0.64,330,118,341,37.5,0.29,6.76,0.15,2.48,0.365,17.2,159,84,37.7,55.4,9.45,37.3,4.9,4.8,3.6,21.8
148,8.04,0.86,1.13,278,55,406,25,0.23,5.33,0.12,5.67,0.182,19.1,179,77.7,36.7,50.8,9,34.4,4.9,4.8,3.65,22.01
149,7.86,0.35,0.62,274,80,361,37.5,0.27,5.09,0.21,3.37,0.284,17.3,164.5,84,36.7,55,9,35.3,3.8,4.8,3.65,22.43
150,7.18,0.65,0.92,226,108,296,37.5,1.89,5.12,0.08,2.86,0.197,20.2,157.5,84,36.7,55.4,9.45,37.1,4.9,4.7,3.75,22.57
151,8.1,0.85,1.12,198,51,225,37.5,0.33,5.84,0.33,3.3,0.35,16.2,154,65,36.7,46.6,9,33.8,4.9,4.8,3.9,34.25
152,7.52,0.75,1.02,358,99,431,37.5,0.29,3.79,0.13,4.64,0.204,19.6,181,84,36.7,56.5,10.7,33.8,4,4.8,3.5,17.21
153,7.42,0.37,0.64,218,27,451,33.4,0.93,5.24,0.13,2.91,0.168,19.2,165,84,38.2,55.4,9.45,35.3,3.8,4.8,3.78,21.26
154,7.46,0.65,0.92,210,63,286,16.7,1.73,5.71,0.12,2.18,0.175,16,180.6,84,36.7,55.8,10.8,33.8,4.9,4.7,3.8,16.99
155,8.08,0.35,0.62,238,46,376,37.5,0.31,4.96,0.33,4.88,0.35,14.8,180,84,36.7,55.8,10,33.8,4.9,4.7,3.73,17.35
156,7.7,0.55,0.82,266,78,421,37.5,0.25,4.72,0.15,2.21,0.204,17.5,168.5,77.7,36.7,50.8,9,33.8,4.9,4.8,3.6,24.86
157,7.31,0.37,0.64,382,51,215,37.5,0.99,5.06,0.33,3.64,0.19,15.5,172,65,36.7,47,9.45,37,4,4.8,3.75,28.66
158,7.63,0.45,0.72,218,42,386,37.5,0.23,5.13,0.14,3.52,0.27,15.9,185,84,40.3,56.5,10.7,41,4.9,4.8,3.73,13.06
159,7.25,0.85,1.12,202,27,336,25,0.29,5.08,0.33,4.21,0.437,14.5,160.5,84,37.4,56.5,10.7,34.5,4.9,4.7,3.83,20.9
160,7.47,0.35,0.62,218,74,225,37.5,0.79,7.97,0.12,3.27,0.204,17.8,177,84,36.7,55.5,9.45,37,4.1,4.8,3.9,18.25
161,7.59,0.55,0.82,346,103,421,33.4,0.97,5.39,0.13,5.53,0.365,15.8,167,71.4,36.7,48.7,9,33.8,4,4.7,3.55,28.65
162,8.01,0.75,1.02,374,42,346,37.5,1.37,5.39,0.35,3.76,0.27,19.7,154,65,36.7,47.5,10,34.5,4,4.8,3.63,33.98
163,8.12,0.85,1.12,298,51,261,37.5,0.43,6.68,0.16,4.82,0.292,17.3,158.5,77.7,36.7,51.2,9.45,36,4.8,4.8,3.8,26.62
164,7.83,0.65,0.92,326,61,225,25,0.49,5.54,0.12,3.82,0.437,16.5,161,71.3,37.4,49.2,9.45,37.2,4.5,4.7,3.8,28.2
165,7.34,0.55,0.82,214,82,386,16.7,1.01,3.66,0.32,5.34,0.168,16.9,168.5,84,38.3,55,9,33.8,4,4.9,3.65,20.94
166,7.55,0.35,0.62,342,118,240,37.5,1.43,5.62,0.36,4.18,0.139,18.2,173,71.3,37.4,49.1,9.45,37.1,4.5,4.7,3.7,25.1
167,7.51,0.68,0.95,218,17,396,25,1.05,3.99,0.11,2.48,0.365,13.35,167,84,37.4,59,11.4,33.8,4,4.8,3.81,18.3
168,7.78,0.79,1.06,346,95,261,37.5,0.33,7.34,0.33,2.66,0.277,20,154,71.3,36.7,48.7,9,36,4.9,4.8,3.7,30.99
169,7.32,0.64,0.91,306,112,271,37.5,0.27,6.88,0.33,5.73,0.204,19.1,161,71.3,36.7,48.7,9,36,4,4.8,3.65,29.78
170,8.07,0.81,1.08,246,59,210,37.5,0.85,5.44,0.19,1.97,0.357,19.4,157,77.7,36.7,51.2,9.45,37.1,4.1,4.7,3.85,27.35
171,7.13,0.87,1.14,226,44,296,16.7,0.79,3.66,0.1,3.01,0.437,13.1,159,84,38.2,55.8,10,35.2,4.1,4.7,3.83,22.1
172,7.86,0.5,0.77,330,42,215,37.5,0.49,5.51,0.13,5.24,0.335,17.5,166,71.3,36.7,49.5,10,37.1,4.5,4.7,3.83,26.75
173,8.05,0.61,0.88,290,42,346,33.4,0.41,5.09,0.09,4.84,0.43,15.1,165.5,77.7,36.7,51.6,10,34.5,4.8,4.7,3.73,24.68
174,7.54,0.37,0.64,262,51,376,25,0.77,5.04,0.16,4.91,0.284,13.3,180,77.7,37.4,51.2,9.45,33.8,4.1,4.8,3.65,21.8
175,7.14,0.37,0.64,226,99,436,25,0.37,4.86,0.33,2.57,0.452,13.34,180,84,37.4,55,9,33.8,4.8,4.4,3.65,18
176,7.45,0.56,0.83,270,55,301,37.5,0.33,4.86,0.21,2.96,0.459,15,169,77.7,36.7,51.2,9.45,35.3,4.9,4.4,3.75,24
177,7.92,0.34,0.61,334,30,235,37.5,1.71,3.64,0.09,3.26,0.262,14.6,175.5,71.3,36.7,50.2,10.7,36.1,3.8,4.8,3.83,24.27
178,7.56,0.27,0.54,306,51,296,16.7,0.93,4.71,0.14,5.24,0.175,11.5,175,71.3,38.2,49.1,9.45,35.3,4,4.8,3.7,25.008
179,7.72,0.45,0.72,358,112,456,37.5,0.27,5.57,0.14,2.91,0.139,16.6,174.5,71.3,38.2,49.1,9.45,35.2,4,4.8,3.5,25.26
180,7.27,0.68,0.95,190,27,431,37.5,0.81,6.08,0.33,3.1,0.343,17.13,173,65,36.7,46.6,9,33.8,4.9,4.8,3.78,28.7
181,7.68,0.87,1.14,258,55,331,37.5,0.53,5.52,0.33,3.01,0.19,14.45,166,84,36.7,56.5,10.7,33.8,4.1,4.7,3.7,20
182,8.01,0.83,1.1,314,103,281,37.5,0.57,4.94,0.33,4.49,0.182,17.6,159,77.7,36.7,51.2,9.45,34.3,4.5,4.8,3.65,27.18
183,7.83,0.4,0.67,346,17,225,29.2,0.89,5.51,0.35,4.47,0.437,17.7,154,71.3,36.7,48.7,9,35.2,4.5,4.8,3.91,31.4
184,7.54,0.82,1.09,258,78,296,25,0.45,4.63,0.19,4.77,0.139,16.4,176,71.3,36.7,52.3,11.3,37.1,4.1,4.7,3.7,22.1
185,7.11,0.59,0.86,270,68,200,37.5,1.11,5,0.33,4.35,0.262,17.4,158,77.7,37.4,50.8,9,35.2,4.5,4.8,3.85,27.28
186,7.01,0.78,1.05,218,49,306,16.7,0.91,4.08,0.12,5.07,0.284,12.6,164,77.7,36.7,51.2,9.45,37.1,4,4.8,3.83,25.53
187,8.29,0.59,0.67,214,16,210,19,1.51,0.75,2.55,16.67,0.36,14.2,159,84,38.2,55.8,10,35.2,4,4.8,4.01,22.1
188,7.7,0.7,0.56,198.1,12,190,22,0.74,0.97,2.74,17.52,1.44,12.5,180,84,37.3,59.8,11.9,37.1,4.1,3.5,4.05,14.17
189,8.1,0.59,0.73,223.5,24,240,18,1.71,0.83,2.49,15.76,0.54,13.1,180,84,38.2,56.5,10.7,36.1,3.8,4.4,3.93,16.49
190,7.96,0.87,0.67,214,12,250,12,0.98,0.93,2.44,18.06,0.9,11.8,182,84,38.8,59.8,11.9,36.1,4,3.9,4,13.42
191,7.92,0.81,0.78,229.9,10,270,14,1.22,0.67,2.52,15.84,1.44,13.9,172,84,38.2,59.8,12,35.3,4,3.5,3.95,16.05
192,7.67,0.32,0.78,229.9,12,245,19,1.45,0.58,2.44,15.68,0.36,13.87,172,84,38.2,59.8,12,36.1,4,4.7,4,15.7
193,0.87,0.61,0.73,223.5,30,300,11,1.84,1.25,2.63,10.13,0.54,9.9,180,84,38.8,56.5,0.7,35.3,3.8,4.4,3.88,16.44
194,8.3,0.69,0.69,217.2,34,215,16,0.51,0.65,1.67,9.01,0.9,14.92,177.5,84,38.2,55.8,10,37.1,4.5,3.9,3.93,17
195,8.13,0.9,0.56,198.1,12,245,17,1.08,0.49,2.38,9.04,0.9,14.1,183.5,84,38.2,59.8,12,36.1,4.1,3.5,4,13.27
196,8.09,0.4,0.56,198.1,36,325,20,0.42,0.34,2.01,15.48,0.36,14.6,180,84,37.3,55.8,10,34.4,4.8,4.7,3.78,17.07
197,8.07,0.39,0.56,198.1,26,275,23,0.64,0.87,2.38,11.84,0.54,10.4,180,84,37.3,56.5,10.7,35.3,4.4,4.4,3.88,16
198,8.11,0.36,0.56,198.1,8,290,29,0.38,0.71,2.18,11.19,0.9,14.1,193.5,84,36.7,62.4,13,35.3,4.8,3.9,4.05,9.55
199,8.11,0.57,0.58,201.3,10,235,14,0.74,0.52,2.39,8.79,1.26,12.7,183,84,38.3,59.8,12,36.1,4.1,3.5,4,13.34
200,8.1,0.32,0.53,194.9,16,300,23,0.44,0.52,2.19,8.3,0.72,13.84,181,84,37.3,58.6,11.3,35.3,4.8,4.1,3.91,14.64
201,8.34,0.39,0.6,204.5,16,260,23,0.68,0.77,2.48,8.69,1.08,10.98,181,84,37.3,58.6,11.3,36.1,4.4,3.8,3.96,14.79
202,8.51,0.46,0.58,201.3,28,240,11,0.74,2.45,2.51,10.25,0.72,7.89,180,84,38.8,56.5,10.7,36.1,4.1,4.1,3.93,16.11
203,8.37,0.5,0.69,217.2,14,220,24,0.72,0.73,2.52,11.94,0.9,10.86,182,84,37.3,59.8,12,37.1,4.1,3.9,4.05,13.65
204,8.15,0.46,0.58,201.3,10,270,16,0.37,0.62,1.91,12.94,0.54,13.34,184,84,38.3,60,12,35.3,4.8,4.4,3.95,12.59
205,8.17,0.31,0.51,191.7,14,315,20,0.41,0.65,2.26,13.56,0.36,14.6,184,84,37.4,60,12,35.3,4.8,4.7,3.95,12.84
206,8.13,0.34,0.58,201.3,12,260,16,0.5,0.5,2.36,13.27,0.18,13.7,183.5,84,38.3,60,12,36.1,4.5,4.8,4,12.67
207,7.98,0.54,0.96,255.3,14,260,20,0.74,0.66,2.18,21.11,0.18,16.89,167.5,84,37.3,55.6,12,35.3,4.1,4.8,3.95,19.91
208,8.04,0.56,0.98,258.5,10,275,11,0.77,0.82,2.14,20.15,0.9,14.53,168,77.7,38.8,55.6,12,35.3,4.1,3.9,3.9,20.3
209,8.11,0.47,0.91,248.9,20,240,13,0.65,0.9,1.98,19.7,0.72,13.2,166,77.7,37.4,54.4,11.3,36.1,4.5,3.5,3.91,21.95
210,7.76,0.51,0.87,242.6,12,270,25,0.5,0.97,1.71,19.19,1.44,17.58,165,77.7,38.3,52.3,10.7,37.3,4.4,3.5,3.9,23.32
211,7.69,0.53,0.87,242.6,18,235,20,0.51,1.11,1.81,19.67,1.26,15.7,168,77.7,38.8,55.6,12,35.3,4.4,3.5,3.91,20.14
212,8,0.54,0.91,248.9,26,225,14,0.64,0.83,2.05,19.57,1.62,17.15,166.5,77.7,38.2,52.3,10.7,34.5,4.5,3.8,3.93,23.41
213,7.66,0.97,0.89,245.8,12,300,12,0.61,1.46,1.69,24.09,1.98,14.4,168,77.7,38.8,55.6,12,35.2,4.4,3.5,3.9,20.17
214,7.97,0.75,0.87,242.6,26,340,19,0.56,1.34,1.36,23.53,1.08,16.1,166.5,77.7,38.2,52.3,10.7,34.4,4.5,3.8,3.78,23.5
215,7.88,0.74,0.91,248.9,28,250,22,0.49,1.18,1.69,21.89,1.8,17.92,165.5,77.7,37.3,52.3,10.7,36.1,4.5,3.5,3.88,23.77
216,8.04,0.61,0.87,242.6,26,320,13,0.74,1.46,1.54,23.78,1.26,15.3,165,77.7,38.2,52.3,10.7,35.3,4.1,3.5,3.83,24.04
217,7.97,0.97,0.91,248.9,32,320,11,0.54,1.35,1.57,22.88,0.9,14.8,165,77.7,38.8,51.6,10,35.3,4.5,3.9,3.78,24.14
218,7.96,0.86,0.89,245.6,8,235,12,0.63,1.15,1.47,24.68,1.08,15,173,77.7,38.8,58.1,13,36.1,4.4,3.8,4.05,16.8
219,8.17,0.69,0.94,252.1,16,240,8,0.55,0.81,1.99,19.67,1.26,15.8,166.5,77.7,38.8,54.4,11.3,36.1,4.5,3.5,3.91,21
220,8.07,0.72,0.94,252.1,12,260,28,0.6,0.92,2.05,21.01,1.8,18.8,167,77.7,36.7,55.6,12,36.1,4.4,3.5,3.95,21
221,8.19,0.78,0.89,245.8,16,210,17,0.68,0.74,2.03,20.27,2.16,17.12,165.5,77.7,38.2,54.3,11.3,37.1,4.4,3.5,3.96,21.68
222,8.1,0.8,0.85,239.4,26,240,7,0.62,0.94,2.02,18.63,0.54,14.14,164,84,40.3,56.4,10.7,36,4.4,4.4,3.93,19.1
223,8.17,0.7,0.91,248.9,16,240,8,0.58,0.8,1.89,19.21,0.72,14.2,167,77.7,38.8,54.3,11.3,36,4.4,4.1,3.91,21.2
224,7.81,0.82,0.78,229.9,12,330,11,0.62,0.49,1.65,24.05,1.08,13.6,172,77.7,38.8,60,12,34.5,4.4,3.8,3.9,16.42
225,7.73,0.74,0.87,242.6,16,325,13,0.66,0.27,1.72,25.1,1.98,17.76,167,77.7,38.2,54.4,11.3,34.4,4.4,3.5,3.81,21.85
226,7.7,0.86,0.96,255.3,10,240,18,0.53,0.5,1.68,22.38,2.16,16.7,168.5,77.7,38.2,44.6,12,36.1,4.5,3.5,3.95,27.92
227,7.71,0.82,0.94,252.1,28,250,23,0.67,0.29,1.74,22.68,1.8,18.21,165,77.7,37.4,52.3,10.7,46,4.4,3.5,3.88,21.9
228,7.81,0.94,0.8,233.1,30,200,13,0.57,1.09,1.59,24.3,1.62,18.43,168.5,84,38.3,56.5,10.7,37.2,4.5,3.5,3.98,18.56
229,7.78,0.71,0.85,239.4,8,185,14,0.68,1.01,2.53,24.88,0.72,10.65,172,84,38.3,62.4,13,37.2,4.4,4.1,4.15,13.4
230,7.73,0.61,0.88,362,68,225,37.5,2.93,5.36,0.08,4.36,0.27,19.7,159,65,36.7,47,9.45,37.2,3.7,4.8,3.75,32.62
231,7.17,0.75,1.02,290,112,361,37.5,0.45,5.04,0.22,4.96,0.197,15.9,159,77.7,36.7,50.8,9,34.5,4.5,4.8,3.65,27.56
232,7.03,0.9,1.17,386,63,436,37.5,1.21,5.14,0.33,3.81,0.284,19.96,155,65,36.7,47,9.45,33.8,4,4.8,3.55,34.49
233,7.5,0.84,1.11,342,63,215,37.5,1.83,5.3,0.31,4.88,0.43,21.6,154,71.4,36.7,49.2,9.45,37.2,4.7,4.7,3.8,30.3
234,7.42,0.53,0.8,218,42,346,37.5,0.93,5.23,0.2,4.45,0.204,15.6,169.5,84,36.7,55.8,10,34.5,4,4.8,3.78,20.32
235,7.34,0.45,0.72,190,95,436,33.4,0.77,4.32,0.33,4.49,0.211,12.4,180,84,36.7,55,9,33.8,4.1,4.8,3.65,18.7
236,8.06,0.85,1.12,254,55,376,25,1.05,5.75,0.21,4.73,0.139,20.4,160,77.7,37.4,51.2,9.45,33.8,4,4.8,3.65,27.12
237,7.58,0.26,0.53,346,51,416,37.5,0.89,4.65,0.13,3.89,0.365,12.6,176,71.4,36.7,49,9.45,33.8,4.1,4.7,3.6,25.72
238,7.7,0.54,0.81,306,112,170,37.5,0.97,5.16,0.23,2.4,0.35,16.78,166.5,71.4,36.7,48.7,9,37.2,4,4.7,3.75,27.92
239,7.41,0.64,0.91,218,27,301,25,0.81,5.76,0.21,4.76,0.204,17.6,165.5,84,37.4,56.5,10.7,35.3,4.1,4.8,3.88,20.11
240,7.23,0.69,0.96,358,59,180,16.7,0.93,5.42,0.17,4.46,0.365,16.7,159,65,38.3,47,9.45,37.2,4,4.7,3.75,31.64
241,7.13,0.76,1.03,306,46,371,37.5,0.95,4.7,0.2,4.39,0.204,17,157,71.4,36.7,49.5,10,33.8,4,4.8,3.63,30.5
242,7.84,0.73,1,266,55,441,25,0.45,4.48,0.35,4.58,0.437,15.2,160,77.7,37.4,51.3,9.45,33.8,4.5,4.7,3.65,26.66
243,7.37,0.82,1.09,218,27,381,37.5,0.93,3.68,0.19,5.06,0.445,15.16,161.4,84,36.7,56.5,10.7,33.8,4,4.7,3.78,21.83
244,8.05,0.4,0.67,202,84,306,37.5,0.49,4.38,0.14,4.96,0.117,13.7,178,84,36.7,55,9,35.3,4.5,4.8,3.75,18.56
245,7.28,0.61,0.88,306,84,296,37.5,2.01,5.66,0.14,4.15,0.204,19,165.5,71.3,36.7,48.7,9,35.3,3.7,4.8,3.65,28.9
246,7.59,0.75,1.02,350,91,391,37.5,2.85,5.04,0.12,4.37,0.211,19,156,71.3,36.7,48.7,9,33.8,3.7,4.8,3.55,32.06
247,7.7,0.9,1.17,382,63,421,37.5,1.13,6.08,0.08,4.46,0.416,19.98,154.4,65,36.7,47,9.45,33.8,4,4.7,3.55,34.69
248,7.41,0.82,1.09,278,118,446,33.4,0.49,5.34,0.12,5.02,0.211,17.5,159,77.7,36.7,50.8,9,33.8,4.5,4.8,3.6,27.74
249,7.83,0.52,0.79,330,46,281,37.5,0.53,4.68,0.26,4.4,0.35,13.65,167.5,71.3,36.7,49.6,10,35.3,4.5,4.7,3.73,26.71
250,7.24,0.85,1.12,262,65,180,25,0.57,5.99,0.27,4.59,0.262,20.1,157.5,77.7,37.3,51.2,9.45,37.1,4.5,4.8,3.85,26.6
251,8.14,0.45,0.72,366,103,225,37.5,0.43,3.9,0.33,4.13,0.445,15.6,171,65,37.3,46.6,9,37.1,4.8,4.7,3.7,28.47
252,8.08,0.26,0.53,202,42,351,37.5,0.51,5.16,0.32,4.77,0.153,15,180,84,36.7,55.8,10,34.4,4.5,4.8,3.78,17.48
253,7.97,0.54,0.81,318,46,215,16.7,2.01,5.91,0.35,3.94,0.35,19.7,167,71.3,38.2,49.6,10,37.1,3.7,4.7,3.83,26.42
254,7.19,0.64,0.91,190,74,311,25,1.13,5.86,0.35,2.44,0.211,18.4,165,84,37.3,55.4,9.45,35.3,4,4.8,3.8,21.45
255,7.53,0.69,0.96,358,42,180,12.5,2.85,5.39,0.17,4.94,0.27,19.5,159,65,38.2,47.4,10,37.1,3.7,4.8,3.78,31.44
256,8.02,0.76,1.03,214,91,316,37.5,2.45,5.9,0.33,4.51,0.292,20.46,158,84,36.7,55,9,35.3,3.7,4.8,3.75,24.13
257,7.21,0.72,0.99,358,55,165,37.5,0.53,5.71,0.12,3.81,0.175,20.23,162,65,36.7,47,9.45,38.6,4.5,4.8,3.5,30.84
258,8.01,0.49,0.76,298,112,195,33.4,1.05,5.31,0.23,4.49,0.452,17,168,77.7,36.7,50.8,9,37.1,4,4.4,3.8,24.98
259,7.52,0.45,0.72,322,61,351,45.9,0.63,4.68,0.35,4.9,0.284,13.1,175,81.3,36.7,49.1,9.45,34.5,4.4,4.8,3.65,23.94
260,7.23,0.65,0.92,378,27,421,33.4,1.03,5.61,0.35,4.1,0.299,19.12,162.3,65,36.7,48,10.7,33.8,4,4.8,3.63,31.06
261,8.04,0.67,0.94,250,32,306,33.4,0.97,5.36,0.35,4.53,0.139,18.78,164,77.7,36.7,51.6,10,35.3,4,4.8,3.78,25.5
262,7.75,0.4,0.67,330,63,406,37.5,0.83,6.19,0.19,5.04,0.262,16.2,176,71.3,36.7,49.1,9.45,33.8,4.1,4.8,3.6,25.65
263,7.26,0.49,0.76,374,30,301,25,2.85,5.37,0.35,4.42,0.19,18.78,167.5,65,37.3,48,10.7,35.3,3.7,4.8,3.73,29.16
264,7.17,0.74,1.01,278,118,180,37.5,0.83,5.06,0.21,4.43,0.197,18.7,156.6,77.7,36.7,50.8,9,37.1,4.1,4.8,3.8,27.9
265,7.88,0.31,0.58,366,46,261,37.5,0.45,5.65,0.33,4.32,0.139,18.1,173,65,36.7,47.4,10,36.1,4.5,4.8,3.73,27.7
266,7.69,0.41,0.68,366,78,351,16.7,0.73,5.22,0.2,4.88,0.262,13.2,173,65,38.2,46.6,9,34.4,4.1,4.8,3.55,28.78
267,7.3,0.45,0.72,278,27,441,37.5,0.51,6.52,0.35,4.08,0.27,15.8,181.6,77.7,36.7,52.3,10.7,33.8,4.5,4.8,3.73,20.28
268,7.9,0.64,0.91,318,44,421,37.5,0.83,5.18,0.19,5.01,0.292,15.7,162.5,71.3,36.7,49.6,10,33.8,4.1,4.8,3.63,28.79
269,8.09,0.67,0.94,226,55,276,16.7,0.49,5.94,0.09,4.67,0.204,17.12,164,84,38.2,55.4,9.45,35.2,4.5,4.8,3.8,21
270,7.58,0.73,1,246,91,195,37.5,0.29,3.75,0.23,4.59,0.365,17.2,157,77.7,36.7,50.8,9,37.1,4.9,4.7,3.8,27.15
271,7.72,0.82,1.09,366,42,160,25,0.83,4.42,0.32,4.94,0.292,18.89,157,65,37.4,47.5,10,38.6,4.1,4.8,3.53,31.75
272,7.16,0.57,0.84,270,112,321,37.5,0.93,4.79,0.2,4.9,0.27,14.92,168,77.7,36.7,50.8,9,34.4,4,4.8,3.65,25.56
273,7.25,0.56,0.83,214,27,401,37.5,1.83,5.13,0.35,5.02,0.197,17.1,170.5,84,36.7,56.5,10.7,33.8,3.8,4.8,3.78,19.71
274,7.14,0.75,1.02,350,44,381,33.4,0.23,5.3,0.17,4.4,0.365,18.3,157,71.3,36.7,49.6,10,33.8,4.9,4.7,3.63,29.68
275,7.53,0.31,0.58,286,68,406,37.5,0.93,5.3,0.33,4.9,0.175,15.5,180,77.7,36.7,51.2,9.45,33.8,4,4.8,3.65,22.16
276,7.32,0.44,0.71,202,17,180,25,0.49,6.03,0.33,5.06,0.452,15.8,180,84,37.3,58.6,11.3,37.1,4.5,4.4,4.01,14.66
277,7.03,0.68,0.95,270,68,326,20.9,1.89,3.63,0.33,3.33,0.204,14.79,165,77.7,37.3,51.2,9.45,34.4,3.8,4.8,3.7,25.82
278,7.8,0.65,0.92,330,30,240,37.5,0.25,5.6,0.16,4.83,0.168,19,162,71.3,36.7,50.1,10.7,36.1,4.9,4.8,3.83,27
279,8.01,0.77,1.04,254,82,451,33.4,0.45,5.26,0.35,3.82,0.27,18.23,159,77.7,36.7,50.8,9,33.8,4.5,4.8,3.6,27.74
280,7.13,0.59,0.86,202,68,195,33.4,1.89,5.79,0.08,3.67,0.343,20,163,36.7,36.7,55.4,9.45,37.1,3.8,4.7,3.9,29.45
281,7.85,0.51,0.78,338,103,416,25,0.45,5.06,0.21,4.74,0.175,14.4,167.5,71.3,37.7,48.7,9,33.8,4.5,4.8,3.55,27.66
282,7.57,0.82,1.09,206,63,341,37.5,2.27,4.84,0.09,2.93,0.284,17.8,159,84,36.7,55.4,9.45,34.4,3.7,4.8,3.75,23.65
283,7.03,0.57,0.84,366,61,431,25,2.29,5.78,0.12,3.81,0.211,20.2,167,65,37.4,47,9.45,33.8,3.7,4.8,3.55,30.87
284,7.4,0.31,0.58,278,91,421,37.5,0.93,5.3,0.33,2.67,0.139,15.6,179.5,77.7,36.7,50.8,9,33.8,4,4.8,3.6,22.71
